elapsed_ms,C_cal_map_pF
2089918,137.08016466900003
2091969,136.15533606600002
2094020,136.1861636861
2096071,136.3403017866
2098122,136.43278464690002
2100173,136.46361226700003
2102224,136.49443988710001
2104275,136.58692274740002
2106326,136.6177503675
2108377,136.67940560770003
2110428,136.6177503675
2112479,136.64857798760002
2114530,136.7410608479
2116581,136.89519894840004
