elapsed_ms,h_est_cm
2089918,6.390613514738045
2091969,6.346645244176097
2094020,6.348110853194828
2096071,6.355438898288486
2098122,6.359835725344682
2100173,6.3613013343634135
2102224,6.362766943382144
2104275,6.367163770438339
2106326,6.36862937945707
2108377,6.371560597494534
2110428,6.36862937945707
2112479,6.3700949884758025
2114530,6.3744918155319965
2116581,6.381819860625655
