elapsed_ms,h_est_cm
2089918,2.483597984216031
2091969,2.4693353617951885
2094020,2.46981078254255
2096071,2.4721878862793574
2098122,2.4736141485214413
2100173,2.4740895692688034
2102224,2.474564990016164
2104275,2.475991252258248
2106326,2.47646667300561
2108377,2.477417514500333
2110428,2.47646667300561
2112479,2.4769420937529714
2114530,2.4783683559950553
2116581,2.480745459731863
