elapsed_ms,C_cal_map_pF
2442690,212.23790247280002
2444741,211.99128151200003
2446792,211.89879865170002
2448843,211.89879865170002
2450894,211.92962627180003
2452945,212.0221091321
2454996,211.92962627180003
2457047,211.99128151200003
2459098,212.0221091321
2461149,212.1145919924
2463200,212.14541961250004
