elapsed_ms,h_est_cm
2442690,3.6426737662831608
2444741,3.6388704003042696
2446792,3.637444138062185
2448843,3.637444138062185
2450894,3.6379195588095468
2452945,3.6393458210516307
2454996,3.6379195588095468
2457047,3.6388704003042696
2459098,3.6393458210516307
2461149,3.6407720832937147
2463200,3.6412475040410768
