elapsed_ms,h_est_cm
2442690,9.96376830240563
2444741,9.952043430255777
2446792,9.947646603199582
2448843,9.947646603199582
2450894,9.949112212218315
2452945,9.95350903927451
2454996,9.949112212218315
2457047,9.952043430255777
2459098,9.95350903927451
2461149,9.957905866330702
2463200,9.959371475349435
