h_ref_cm,C_mean_pF
0.0,6.0874683544303805
1.0,18.97722772277228
1.5,23.588333333333335
2.0,26.213749999999997
2.5,30.16911764705883
3.0,32.23245901639345
3.5,35.750666666666675
4.0,38.758199999999995
4.5,42.367142857142845
5.0,45.34434782608697
5.5,49.19828571428572
6.0,52.64304347826087
6.5,54.73357142857143
7.0,58.05294117647059
7.5,61.7775
8.0,64.97
8.5,68.73071428571428
9.0,72.77
9.5,77.36636363636363
10.0,79.20818181818183
