case,N,RMSE,MAE,MAX_ABS,R2
raw_vs_theoretical,20,77.69589060993283,65.95843108735637,133.79181818181817,-0.5936152474409055
cal_vs_theoretical,20,4.529246837566396,2.9834694733007536,16.058019768658973,0.9945844900594742
