case,N,RMSE,MAE,MAX_ABS,R2
raw_mean_vs_theoretical,20,77.69589060993283,65.95843108735637,133.79181818181817,-0.5936152474409055
cal_map_mean_vs_theoretical,20,4.5292265899412,2.983597367101289,16.05725349988481,0.994584538478549
