case,a,b,R2,FS_pF,best_fit_linearity_percentFS,end_point_linearity_percentFS
raw_mean,6.823071596527892,11.296416656228443,0.9946136598381637,73.12071346375144,7.1237656951751775,8.934209815360678
cal_map_mean,21.033905909286233,2.660694436952259,0.9946136598381637,225.41375761014848,7.123765695175171,8.934209815360676
