h_ref_cm,residual_pF
0.0,-16.05794793683707
1.0,2.6442066526427013
1.5,6.342194898335059
2.0,3.91877670411278
2.5,5.595280867405691
3.0,1.439118299808726
3.5,1.7679622327192703
4.0,0.5225187818847985
4.5,1.1310777635025602
5.0,-0.2078608168964564
5.5,1.1559595390992001
6.0,1.2583749528912165
6.5,-2.81397785569132
7.0,-3.0981038543676505
7.5,-2.133128363824028
8.0,-2.808363601542112
8.5,-1.7319294257208924
9.0,0.20327416717165647
9.5,3.855816414855809
10.0,-0.9832494195509298
