h_ref_cm,residual_pF
0.0,-5.2089483017980625
1.0,0.8577394700159466
1.5,2.057309282313053
2.0,1.2711901507157712
2.5,1.815021999510659
3.0,0.46682757058133006
3.5,0.5734994225906078
4.0,0.1694969576599874
4.5,0.36690401653888927
5.0,-0.06742681278093698
5.5,0.37497527715386525
6.0,0.40819724286507864
6.5,-0.9128106050883105
7.0,-1.004976655453099
7.5,-0.6919536301876263
8.0,-0.9109894284515718
8.5,-0.5618109410012408
9.0,0.06593897502052926
9.5,1.250766813120208
10.0,-0.31895080332553505
