elapsed_ms,C_cal_map_pF
2229386,168.06192286950002
2231437,168.0310952494
2233488,168.00026762930003
2235539,168.0310952494
2237590,168.06192286950002
2239641,168.15440572980003
2241692,168.24688859010004
2243743,168.40102669060002
