sample_index,elapsed_ms,f_meas_Hz,f_from_Craw_Hz,f_from_Ccal_Hz,C_raw_pF,C_cal_pF,Tgate_s,df_Hz,dCraw_pF_per_df,dCcal_pF_per_df,N_counts,bits_eq,h_est_cm
1086,2229386,7199.5,7197.97,8884.36,80.17,64.95,2.0,0.5,0.0056,0.0045,14399.0,13.81,2.9613958353142533
1087,2231437,7200.5,7198.97,8885.93,80.16,64.94,2.0,0.5,0.0056,0.0045,14401.0,13.81,2.9609204145668913
1088,2233488,7202.0,7200.47,8888.27,80.14,64.93,2.0,0.5,0.0056,0.0045,14404.0,13.81,2.9604449938195305
1089,2235539,7200.5,7198.97,8885.93,80.16,64.94,2.0,0.5,0.0056,0.0045,14401.0,13.81,2.9609204145668913
1090,2237590,7199.5,7197.97,8884.36,80.17,64.95,2.0,0.5,0.0056,0.0045,14399.0,13.81,2.9613958353142533
1091,2239641,7197.0,7195.47,8880.46,80.2,64.98,2.0,0.5,0.0056,0.0045,14394.0,13.81,2.9628220975563377
1092,2241692,7194.5,7192.97,8876.56,80.23,65.01,2.0,0.5,0.0056,0.0045,14389.0,13.81,2.964248359798422
1093,2243743,7190.5,7188.97,8870.32,80.27,65.06,2.0,0.5,0.0056,0.0045,14381.0,13.81,2.9666254635352285
