elapsed_ms,h_est_cm
2229386,7.86355057856328
2231437,7.862084969544547
2233488,7.860619360525816
2235539,7.862084969544547
2237590,7.86355057856328
2239641,7.867947405619475
2241692,7.87234423267567
2243743,7.879672277769327
