elapsed_ms,h_est_cm
2229386,2.9613958353142533
2231437,2.9609204145668913
2233488,2.9604449938195305
2235539,2.9609204145668913
2237590,2.9613958353142533
2239641,2.9628220975563377
2241692,2.964248359798422
2243743,2.9666254635352285
