elapsed_ms,C_cal_map_pF
2122734,146.05100211810003
2124785,146.4209335593
2126836,146.39010593920003
2128887,146.79086500050002
2130938,146.79086500050002
2132989,146.69838214020004
2135040,146.6367269
2137091,146.6367269
2139142,146.69838214020004
2141193,146.7600373804
2143244,146.82169262060003
2145295,146.91417548090004
2147346,146.9758307211
2149397,147.03748596130004
2151448,147.16079644170003
2153499,147.3149345422
2155550,147.49990026280003
