elapsed_ms,h_est_cm
2122734,2.6219454216982028
2124785,2.6276504706665396
2126836,2.6271750499191784
2128887,2.633355519634877
2130938,2.633355519634877
2132989,2.631929257392793
2135040,2.63097841589807
2137091,2.63097841589807
2139142,2.631929257392793
2141193,2.632880098887515
2143244,2.6338309403822384
2145295,2.635257202624323
2147346,2.636208044119045
2149397,2.6371588856137684
2151448,2.639060568603214
2153499,2.641437672340021
2155550,2.6442901968241896
