elapsed_ms,h_est_cm
2122734,6.817105739188934
2124785,6.834693047413712
2126836,6.833227438394981
2128887,6.8522803556384915
2130938,6.8522803556384915
2132989,6.847883528582297
2135040,6.844952310544833
2137091,6.844952310544833
2139142,6.847883528582297
2141193,6.850814746619759
2143244,6.8537459646572225
2145295,6.858142791713418
2147346,6.86107400975088
2149397,6.864005227788344
2151448,6.86986766386327
2153499,6.8771957089569264
2155550,6.885989363069317
