elapsed_ms,C_cal_map_pF
2262202,179.52979754670002
2264253,179.4989699266
2266304,179.46814230650003
2268355,179.56062516680004
2270406,179.62228040700003
2272457,179.56062516680004
2274508,179.68393564720003
2276559,179.7764185075
2278610,179.80724612760002
2280661,179.80724612760002
2282712,179.80724612760002
2284763,179.80724612760002
2286814,179.9922118482
2288865,180.1155223286
