elapsed_ms,h_est_cm
2262202,8.408757133531427
2264253,8.407291524512695
2266304,8.405825915493963
2268355,8.41022274255016
2270406,8.413153960587621
2272457,8.41022274255016
2274508,8.416085178625085
2276559,8.42048200568128
2278610,8.421947614700011
2280661,8.421947614700011
2282712,8.421947614700011
2284763,8.421947614700011
2286814,8.4307412688124
2288865,8.436603704887325
