elapsed_ms,h_est_cm
2262202,3.1382523533326996
2264253,3.137776932585338
2266304,3.137301511837977
2268355,3.138727774080061
2270406,3.139678615574784
2272457,3.138727774080061
2274508,3.1406294570695064
2276559,3.142055719311591
2278610,3.142531140058953
2280661,3.142531140058953
2282712,3.142531140058953
2284763,3.142531140058953
2286814,3.1453836645431204
2288865,3.1472853475325664
