,count,mean,std,min,25%,50%,75%,max
f_meas_Hz,14.0,6883.142857142857,4.881001518559057,6873.0,6880.625,6883.0,6887.0,6889.5
f_from_Craw_Hz,14.0,6881.682857142855,4.881001518559057,6871.54,6879.165,6881.54,6885.54,6888.04
f_from_Ccal_Hz,14.0,8396.170714285714,7.444304445770417,8380.7,8392.33,8395.955,8402.05,8405.87
C_raw_pF,14.0,83.85642857142857,0.05878345435149667,83.78,83.81,83.86,83.8875,83.98
C_cal_pF,14.0,68.73071428571428,0.06195088448046491,68.65,68.68,68.735,68.76,68.86
df_Hz,14.0,0.5,0.0,0.5,0.5,0.5,0.5,0.5
dCraw_pF_per_df,14.0,0.0060999999999999995,9.001038138146449e-19,0.0061,0.0061,0.0061,0.0061,0.0061
dCcal_pF_per_df,14.0,0.004999999999999999,9.001038138146449e-19,0.005,0.005,0.005,0.005,0.005
N_counts,14.0,13766.285714285714,9.762003037118115,13746.0,13761.25,13766.0,13774.0,13779.0
