elapsed_ms,C_cal_map_pF
2188366,158.19708443750002
2190417,158.1662568174
2192468,158.2279120576
2194519,158.28956729780003
2196570,158.351222538
2198621,158.38205015810001
2200672,158.351222538
2202723,158.32039491790002
2204774,158.25873967770002
2206825,158.2279120576
2208876,158.28956729780003
2210927,158.28956729780003
2212978,158.25873967770002
2215029,158.25873967770002
2217080,158.25873967770002
2219131,158.38205015810001
