elapsed_ms,h_est_cm
2188366,7.394555692569174
2190417,7.393090083550443
2192468,7.396021301587905
2194519,7.39895251962537
2196570,7.401883737662832
2198621,7.403349346681564
2200672,7.401883737662832
2202723,7.400418128644101
2204774,7.397486910606638
2206825,7.396021301587905
2208876,7.39895251962537
2210927,7.39895251962537
2212978,7.397486910606638
2215029,7.397486910606638
2217080,7.397486910606638
2219131,7.403349346681564
