elapsed_ms,h_est_cm
2188366,2.8092611961586007
2190417,2.8087857754112386
2192468,2.809736616905962
2194519,2.8106874584006847
2196570,2.8116382998954075
2198621,2.8121137206427687
2200672,2.8116382998954075
2202723,2.811162879148046
2204774,2.810212037653323
2206825,2.809736616905962
2208876,2.8106874584006847
2210927,2.8106874584006847
2212978,2.810212037653323
2215029,2.810212037653323
2217080,2.810212037653323
2219131,2.8121137206427687
