h_ref_cm,dCcal_mean_pF_per_df
0.0,0.00010000000000000003
1.0,0.0006000000000000001
1.5,0.0008
2.0,0.001
2.5,0.0012000000000000003
3.0,0.0013180327868852453
3.5,0.0016000000000000005
4.0,0.0018059999999999994
4.5,0.002103571428571428
5.0,0.0024
5.5,0.0027999999999999995
6.0,0.0031
6.5,0.0032999999999999995
7.0,0.0036999999999999997
7.5,0.0041
8.0,0.0045
8.5,0.004999999999999999
9.0,0.005520000000000001
9.5,0.006193939393939394
10.0,0.006481818181818182
